Instance,Nombre de projets (N),Nombre de ressources (M),Profit optimal,[Greedy] Profit,[Repair] Profit,[Hill Climbing] Profit,Écart [Greedy],Écart [Repair],Écart [Hill Climbing]
1,6,10,3800.0,3800.0,3800.0,3800.0,0.0,0.0,0.0
2,10,10,8706.1,8336.9,8248.7,8336.9,0.04240704793190989,0.05253787574229559,0.04240704793190989
3,15,10,4015.0,3825.0,2135.0,4015.0,0.047322540473225407,0.46824408468244083,0.0
4,20,10,6120.0,6010.0,2665.0,6120.0,0.017973856209150325,0.5645424836601307,0.0
5,28,10,12400.0,12400.0,8400.0,12400.0,0.0,0.3225806451612903,0.0
6,39,5,10618.0,9888.0,3631.0,10520.0,0.06875117724618572,0.6580335279713694,0.009229610096063288
7,50,5,16537.0,15832.0,9917.0,16440.0,0.04263167442704239,0.40031444639293706,0.0058656346374795915
